key	tab	group	origin	sensitive
account_creation_enabled	server	Accounts	fork	no
account_login_boots_in_use	server	Accounts	upstream	no
account_vault_allowlist	economy	Account Vault	fork	no
account_vault_allowlist_name	economy	Account Vault	fork	no
account_vault_class_storage	economy	Account Vault	fork	no
account_vault_denylist	economy	Account Vault	fork	no
account_vault_entry_cap	economy	Account Vault	fork	no
account_vault_landblock	economy	Account Vault	fork	no
account_vault_summon_leash	economy	Account Vault	fork	no
account_vault_summon_rot_seconds	economy	Account Vault	fork	no
admin_web_commands_enabled	server	Web	fork	no
admin_web_enabled	server	Web	fork	no
advanced_combat_pets	combat	Pets	upstream	no
advocate_fane_auto_bestow	social	Advocates	upstream	no
advocate_fane_auto_bestow_level	social	Advocates	upstream	no
aetheria_drop_rate	items	Loot	upstream	no
aetheria_heal_color	items	Loot	upstream	no
allegiance_passup_grandpatron_rate	social	Allegiance	fork	no
allegiance_passup_patron_rate	social	Allegiance	fork	no
allow_combat_mode_crafting	items	Crafting	upstream	no
allow_door_hold	server	General	upstream	no
allow_fast_chug	server	General	upstream	no
allow_jump_loot	server	General	upstream	no
allow_negative_dispel_resist	combat	Magic	upstream	no
allow_negative_rating_curve	combat	Combat	upstream	no
allow_pkl_bump	pvp	World Type	upstream	no
allow_summoning_killtask_multicredit	combat	Pets	upstream	no
alt_character_bonus_enabled	progression	Alt Bonus	fork	no
alt_character_bonus_gap	progression	Alt Bonus	fork	no
alt_character_bonus_multiplier	progression	Alt Bonus	fork	no
anti_blink_debug	combat	Combat	fork	no
anti_blink_door_detection	combat	Combat	fork	no
anti_blink_door_width	combat	Combat	fork	no
anti_blink_z_height_limit	combat	Combat	fork	no
assess_creature_mod	server	General	upstream	no
attribute_augmentation_safety_cap	progression	Custom Augs	upstream	no
beta_gift_account_cutoff_unix	server	General	fork	no
beta_gift_wcid	server	General	fork	no
bluespire_ladder_currency_wcid	server	General	fork	no
bluespire_ladder_d1_entry_quest	server	General	fork	no
bluespire_ladder_d1_requires	server	General	fork	no
bluespire_ladder_d1_reward	server	General	fork	no
bluespire_ladder_d2_requires	server	General	fork	no
bluespire_ladder_d2_reward	server	General	fork	no
bluespire_ladder_d3_requires	server	General	fork	no
bluespire_ladder_d3_reward	server	General	fork	no
bluespire_ladder_d4_requires	server	General	fork	no
bluespire_ladder_d4_reward	server	General	fork	no
bluespire_ladder_d5_requires	server	General	fork	no
bluespire_ladder_d5_reward	server	General	fork	no
bluespire_ladder_d6_crowd_dr_cap	server	General	fork	no
bluespire_ladder_d6_crowd_dr_per_player	server	General	fork	no
bluespire_ladder_d6_crowd_health_cap	server	General	fork	no
bluespire_ladder_d6_crowd_per_player	server	General	fork	no
bluespire_ladder_d6_crowd_start_at	server	General	fork	no
bluespire_ladder_d6_requires	server	General	fork	no
bluespire_ladder_d6_reward	server	General	fork	no
bluespire_ladder_enabled	server	General	fork	no
cantrip_drop_rate	items	Loot	upstream	no
capacity_upgrade_base_cost_mmd	server	General	fork	no
capacity_upgrade_cost_growth_percent	server	General	fork	no
char_delete_time	server	Accounts	upstream	no
charsheet_cache_seconds	server	Web	fork	no
charsheet_enabled	server	Web	fork	no
charsheet_site_url	server	Web	fork	no
chat_disable_general	social	Chat	upstream	no
chat_disable_lfg	social	Chat	upstream	no
chat_disable_olthoi	social	Chat	upstream	no
chat_disable_roleplay	social	Chat	upstream	no
chat_disable_trade	social	Chat	upstream	no
chat_echo_only	social	Chat	upstream	no
chat_echo_reject	social	Chat	upstream	no
chat_inform_reject	social	Chat	upstream	no
chat_log_abuse	social	Chat	upstream	no
chat_log_admin	social	Chat	upstream	no
chat_log_advocate	social	Chat	upstream	no
chat_log_allegiance	social	Chat	upstream	no
chat_log_audit	social	Chat	upstream	no
chat_log_debug	social	Chat	upstream	no
chat_log_fellow	social	Chat	upstream	no
chat_log_general	social	Chat	upstream	no
chat_log_global	social	Chat	upstream	no
chat_log_help	social	Chat	upstream	no
chat_log_lfg	social	Chat	upstream	no
chat_log_olthoi	social	Chat	upstream	no
chat_log_qa	social	Chat	upstream	no
chat_log_roleplay	social	Chat	upstream	no
chat_log_sentinel	social	Chat	upstream	no
chat_log_society	social	Chat	upstream	no
chat_log_townchans	social	Chat	upstream	no
chat_log_trade	social	Chat	upstream	no
chat_requires_account_15days	social	Chat	upstream	no
chat_requires_account_time_seconds	social	Chat	upstream	no
chat_requires_player_age	social	Chat	upstream	no
chat_requires_player_level	social	Chat	upstream	no
chess_ai_start_time	server	General	upstream	no
chess_enabled	server	General	upstream	no
class_abilities_enabled	class_abilities	General	fork	no
class_ability_acidproc_chance_base	class_abilities	acidproc	fork	no
class_ability_acidproc_chance_step	class_abilities	acidproc	fork	no
class_ability_acidproc_damage_affinity_cap	class_abilities	acidproc	fork	no
class_ability_acidproc_damage_base	class_abilities	acidproc	fork	no
class_ability_acidproc_damage_step	class_abilities	acidproc	fork	no
class_ability_acidproc_dot_fraction	class_abilities	acidproc	fork	no
class_ability_acidproc_dot_interval	class_abilities	acidproc	fork	no
class_ability_acidproc_dot_ticks	class_abilities	acidproc	fork	no
class_ability_adrenaline_percent_per_rank	class_abilities	adrenaline	fork	no
class_ability_adrenaline_window_seconds	class_abilities	adrenaline	fork	no
class_ability_affinity_bloodlust_rate_per_spec	class_abilities	affinity	fork	no
class_ability_affinity_bloodlust_rate_per_trained	class_abilities	affinity	fork	no
class_ability_affinity_chance_cap	class_abilities	affinity	fork	no
class_ability_affinity_rate_per_spec	class_abilities	affinity	fork	no
class_ability_affinity_rate_per_trained	class_abilities	affinity	fork	no
class_ability_attack_speed_ceiling	class_abilities	attack	fork	no
class_ability_attackspeed_percent_per_rank	class_abilities	attackspeed	fork	no
class_ability_avoidance_cap	class_abilities	avoidance	fork	no
class_ability_battlehardened_max_reduction	class_abilities	battlehardened	fork	no
class_ability_battlehardened_reduction_per_strength	class_abilities	battlehardened	fork	no
class_ability_bloodfury_peak_hp_fraction	class_abilities	bloodfury	fork	no
class_ability_bloodfury_peak_per_rank	class_abilities	bloodfury	fork	no
class_ability_bloodfury_start_hp_fraction	class_abilities	bloodfury	fork	no
class_ability_bloodlust_percent_per_rank	class_abilities	bloodlust	fork	no
class_ability_bloodmage_charge_expire_seconds	class_abilities	bloodmage	fork	no
class_ability_bloodmage_charge_per_stack	class_abilities	bloodmage	fork	no
class_ability_bloodmage_charge_stack_cap_r1	class_abilities	bloodmage	fork	no
class_ability_bloodmage_charge_stack_cap_r2	class_abilities	bloodmage	fork	no
class_ability_bloodmage_charge_stack_cap_r3	class_abilities	bloodmage	fork	no
class_ability_bloodprice_damage_r1	class_abilities	bloodprice	fork	no
class_ability_bloodprice_damage_r2	class_abilities	bloodprice	fork	no
class_ability_bloodprice_damage_r3	class_abilities	bloodprice	fork	no
class_ability_bloodprice_health_cost_r1	class_abilities	bloodprice	fork	no
class_ability_bloodprice_health_cost_r2	class_abilities	bloodprice	fork	no
class_ability_bloodprice_health_cost_r3	class_abilities	bloodprice	fork	no
class_ability_bloodprice_min_health_fraction	class_abilities	bloodprice	fork	no
class_ability_breakarmor_chance	class_abilities	breakarmor	fork	no
class_ability_cascade_chance	class_abilities	cascade	fork	no
class_ability_cascade_max_generation	class_abilities	cascade	fork	no
class_ability_cascade_radius	class_abilities	cascade	fork	no
class_ability_cloakedinpower_floor	class_abilities	cloakedinpower	fork	no
class_ability_crimsonharvest_max_targets	class_abilities	crimsonharvest	fork	no
class_ability_crimsonharvest_radius	class_abilities	crimsonharvest	fork	no
class_ability_deadeye_percent_per_rank	class_abilities	deadeye	fork	no
class_ability_dispellingedge_chance_base	class_abilities	dispellingedge	fork	no
class_ability_dispellingedge_chance_step	class_abilities	dispellingedge	fork	no
class_ability_doublevolley_chance_base	class_abilities	doublevolley	fork	no
class_ability_doublevolley_chance_step	class_abilities	doublevolley	fork	no
class_ability_echocast_chance_base	class_abilities	echocast	fork	no
class_ability_echocast_chance_step	class_abilities	echocast	fork	no
class_ability_elementalrend_chance_base	class_abilities	elementalrend	fork	no
class_ability_elementalrend_chance_step	class_abilities	elementalrend	fork	no
class_ability_empoweredsummons_leech_percent_per_rank	class_abilities	empoweredsummons	fork	no
class_ability_empoweredsummons_loyalty_per_spec	class_abilities	empoweredsummons	fork	no
class_ability_empoweredsummons_loyalty_per_trained	class_abilities	empoweredsummons	fork	no
class_ability_empoweredsummons_max_duration_bonus	class_abilities	empoweredsummons	fork	no
class_ability_empoweredsummons_percent_per_rank	class_abilities	empoweredsummons	fork	no
class_ability_executioner_hp_fraction	class_abilities	executioner	fork	no
class_ability_executioner_percent_per_rank	class_abilities	executioner	fork	no
class_ability_exsanguinate_multiplier	class_abilities	exsanguinate	fork	no
class_ability_exsanguinate_resist_ignore	class_abilities	exsanguinate	fork	no
class_ability_fastaim_low_end_per_rank	class_abilities	fastaim	fork	no
class_ability_flatcastspeed_percent_per_rank	class_abilities	flatcastspeed	fork	no
class_ability_frenzy_expire_seconds	class_abilities	frenzy	fork	no
class_ability_frenzy_percent_per_stack	class_abilities	frenzy	fork	no
class_ability_full_respec_free_below_level	class_abilities	full	fork	no
class_ability_full_respec_lum_cost	class_abilities	full	fork	no
class_ability_heavydraw_percent_per_rank	class_abilities	heavydraw	fork	no
class_ability_heavydraw_run_per_spec	class_abilities	heavydraw	fork	no
class_ability_heavydraw_run_per_trained	class_abilities	heavydraw	fork	no
class_ability_heavydraw_run_reduction_cap	class_abilities	heavydraw	fork	no
class_ability_heavydraw_stamina_cost	class_abilities	heavydraw	fork	no
class_ability_hemomancy_drain_percent_per_rank	class_abilities	hemomancy	fork	no
class_ability_hemomancy_heal_fraction	class_abilities	hemomancy	fork	no
class_ability_hemomancy_tick_percent_per_rank	class_abilities	hemomancy	fork	no
class_ability_huntersmark_duration_seconds	class_abilities	huntersmark	fork	no
class_ability_huntersmark_percent_per_rank	class_abilities	huntersmark	fork	no
class_ability_killerinstinct_critchance_per_stack	class_abilities	killerinstinct	fork	no
class_ability_killerinstinct_critdamage_base	class_abilities	killerinstinct	fork	no
class_ability_killerinstinct_critdamage_step	class_abilities	killerinstinct	fork	no
class_ability_killerinstinct_max_stacks	class_abilities	killerinstinct	fork	no
class_ability_killerinstinct_opening_duration_seconds	class_abilities	killerinstinct	fork	no
class_ability_kineticcharge_charge_threshold	class_abilities	kineticcharge	fork	no
class_ability_kineticcharge_cleave_targets	class_abilities	kineticcharge	fork	no
class_ability_kineticcharge_expire_seconds	class_abilities	kineticcharge	fork	no
class_ability_kineticcharge_percent_per_rank	class_abilities	kineticcharge	fork	no
class_ability_longdraw_max_distance	class_abilities	longdraw	fork	no
class_ability_longdraw_min_distance	class_abilities	longdraw	fork	no
class_ability_longdraw_percent_per_rank	class_abilities	longdraw	fork	no
class_ability_lum_base_cost	class_abilities	lum	fork	no
class_ability_lum_breakpoint_1	class_abilities	lum	fork	no
class_ability_lum_breakpoint_2	class_abilities	lum	fork	no
class_ability_lum_ratio_1	class_abilities	lum	fork	no
class_ability_lum_ratio_2	class_abilities	lum	fork	no
class_ability_lum_ratio_3	class_abilities	lum	fork	no
class_ability_malediction_duration_bonus	class_abilities	malediction	fork	no
class_ability_malediction_intensity_base	class_abilities	malediction	fork	no
class_ability_malediction_intensity_step	class_abilities	malediction	fork	no
class_ability_manabarrier_base	class_abilities	manabarrier	fork	no
class_ability_manabarrier_mana_per_health	class_abilities	manabarrier	fork	no
class_ability_manabarrier_max_share	class_abilities	manabarrier	fork	no
class_ability_manabarrier_step	class_abilities	manabarrier	fork	no
class_ability_multishot_damage_mult	class_abilities	multishot	fork	no
class_ability_multishot_damage_mult_cap	class_abilities	multishot	fork	no
class_ability_netherbloom_duration_retained	class_abilities	netherbloom	fork	no
class_ability_netherbloom_jumps_per_rank	class_abilities	netherbloom	fork	no
class_ability_netherbloom_radius	class_abilities	netherbloom	fork	no
class_ability_netherrush_expire_seconds	class_abilities	netherrush	fork	no
class_ability_netherrush_percent_per_rank	class_abilities	netherrush	fork	no
class_ability_opportunist_percent_per_rank	class_abilities	opportunist	fork	no
class_ability_overchannel_mana_surcharge	class_abilities	overchannel	fork	no
class_ability_overchannel_percent_per_rank	class_abilities	overchannel	fork	no
class_ability_overhaul_respec_sweep_enabled	class_abilities	overhaul	fork	no
class_ability_parry_percent_per_rank	class_abilities	parry	fork	no
class_ability_pinningshot_chance_base	class_abilities	pinningshot	fork	no
class_ability_pinningshot_chance_step	class_abilities	pinningshot	fork	no
class_ability_pinningshot_duration_seconds	class_abilities	pinningshot	fork	no
class_ability_pinningshot_immunity_seconds	class_abilities	pinningshot	fork	no
class_ability_pinningshot_slow_factor	class_abilities	pinningshot	fork	no
class_ability_pinningshot_slow_seconds	class_abilities	pinningshot	fork	no
class_ability_pocketsand_chance_base	class_abilities	pocketsand	fork	no
class_ability_pocketsand_chance_step	class_abilities	pocketsand	fork	no
class_ability_pocketsand_duration_seconds	class_abilities	pocketsand	fork	no
class_ability_pocketsand_magnitude	class_abilities	pocketsand	fork	no
class_ability_pocketsand_puff_script	class_abilities	pocketsand	fork	no
class_ability_poisonweapon_damage_per_rank	class_abilities	poisonweapon	fork	no
class_ability_poisonweapon_proc_delay	class_abilities	poisonweapon	fork	no
class_ability_quickenedcasting_percent_per_rank	class_abilities	quickenedcasting	fork	no
class_ability_rallyingpresence_percent_per_rank	class_abilities	rallyingpresence	fork	no
class_ability_rallyingpresence_radius	class_abilities	rallyingpresence	fork	no
class_ability_rallyingpresence_self_share	class_abilities	rallyingpresence	fork	no
class_ability_reflectmagic_chance_base	class_abilities	reflectmagic	fork	no
class_ability_reflectmagic_chance_step	class_abilities	reflectmagic	fork	no
class_ability_resonance_max_stacks	class_abilities	resonance	fork	no
class_ability_resonance_per_stack_r1	class_abilities	resonance	fork	no
class_ability_resonance_per_stack_r2	class_abilities	resonance	fork	no
class_ability_resonance_per_stack_r3	class_abilities	resonance	fork	no
class_ability_resonance_window_seconds	class_abilities	resonance	fork	no
class_ability_respec_lum_cost	class_abilities	respec	fork	no
class_ability_riposte_fraction_base	class_abilities	riposte	fork	no
class_ability_riposte_fraction_step	class_abilities	riposte	fork	no
class_ability_runeblade_chance	class_abilities	runeblade	fork	no
class_ability_runicward_cap_fraction	class_abilities	runicward	fork	no
class_ability_runicward_duration_seconds	class_abilities	runicward	fork	no
class_ability_runicward_gain_base	class_abilities	runicward	fork	no
class_ability_runicward_gain_step	class_abilities	runicward	fork	no
class_ability_sanguine_ward_absorb_r1	class_abilities	sanguine	fork	no
class_ability_sanguine_ward_absorb_r2	class_abilities	sanguine	fork	no
class_ability_sanguine_ward_absorb_r3	class_abilities	sanguine	fork	no
class_ability_sanguine_ward_duration_seconds	class_abilities	sanguine	fork	no
class_ability_sanguine_ward_selfcost_r1	class_abilities	sanguine	fork	no
class_ability_sanguine_ward_selfcost_r2	class_abilities	sanguine	fork	no
class_ability_sanguine_ward_selfcost_r3	class_abilities	sanguine	fork	no
class_ability_savageblows_percent_per_rank	class_abilities	savageblows	fork	no
class_ability_savageblows_stamina_surcharge	class_abilities	savageblows	fork	no
class_ability_shieldblock_base	class_abilities	shieldblock	fork	no
class_ability_shieldblock_step	class_abilities	shieldblock	fork	no
class_ability_shieldcheck_strength_base	class_abilities	shieldcheck	fork	no
class_ability_shieldcheck_strength_step	class_abilities	shieldcheck	fork	no
class_ability_souljump_cooldown_seconds_base	class_abilities	souljump	fork	no
class_ability_souljump_cooldown_seconds_step	class_abilities	souljump	fork	no
class_ability_souljump_restore_fraction	class_abilities	souljump	fork	no
class_ability_soultether_base	class_abilities	soultether	fork	no
class_ability_soultether_max_reduction	class_abilities	soultether	fork	no
class_ability_soultether_step	class_abilities	soultether	fork	no
class_ability_spellaoe_damage_mult_cap	class_abilities	spellaoe	fork	no
class_ability_spellaoe_damage_mult_r1	class_abilities	spellaoe	fork	no
class_ability_spellaoe_damage_mult_r2	class_abilities	spellaoe	fork	no
class_ability_spellaoe_damage_mult_r3	class_abilities	spellaoe	fork	no
class_ability_spellaoe_mana_surcharge	class_abilities	spellaoe	fork	no
class_ability_spellaoe_radius	class_abilities	spellaoe	fork	no
class_ability_spellblade_chance	class_abilities	spellblade	fork	no
class_ability_spellstorm_chance	class_abilities	spellstorm	fork	no
class_ability_spellsurge_max_stacks	class_abilities	spellsurge	fork	no
class_ability_spellsurge_per_stack	class_abilities	spellsurge	fork	no
class_ability_spellsurge_window_seconds	class_abilities	spellsurge	fork	no
class_ability_spellsword_level_skill_scale	class_abilities	spellsword	fork	no
class_ability_spellweave_percent_per_rank	class_abilities	spellweave	fork	no
class_ability_sundermark_chance_base	class_abilities	sundermark	fork	no
class_ability_sundermark_chance_step	class_abilities	sundermark	fork	no
class_ability_sundermark_max_level	class_abilities	sundermark	fork	no
class_ability_surefooted_expire_seconds	class_abilities	surefooted	fork	no
class_ability_surefooted_percent_per_rank_per_stack	class_abilities	surefooted	fork	no
class_ability_surefooted_stack_cap	class_abilities	surefooted	fork	no
class_ability_taunt_duration	class_abilities	taunt	fork	no
class_ability_taunt_loyalty_bonus_cap_seconds	class_abilities	taunt	fork	no
class_ability_taunt_radius	class_abilities	taunt	fork	no
class_ability_thorns_max_range	class_abilities	thorns	fork	no
class_ability_thorns_percent_per_rank	class_abilities	thorns	fork	no
class_ability_thorns_shield_per_spec	class_abilities	thorns	fork	no
class_ability_thorns_shield_per_trained	class_abilities	thorns	fork	no
class_ability_tier2_cap_required	class_abilities	tier2	fork	no
class_ability_tier2_spent_required	class_abilities	tier2	fork	no
class_ability_tier3_cap_required	class_abilities	tier3	fork	no
class_ability_tier3_spent_required	class_abilities	tier3	fork	no
class_ability_token_lum_per_point	class_abilities	token	fork	yes
class_ability_transfusion_share_r1	class_abilities	transfusion	fork	no
class_ability_transfusion_share_r2	class_abilities	transfusion	fork	no
class_ability_transfusion_share_r3	class_abilities	transfusion	fork	no
class_ability_umbralsiphon_percent_per_rank	class_abilities	umbralsiphon	fork	no
class_ability_vengeance_percent_per_rank	class_abilities	vengeance	fork	no
class_ability_vengeance_window_seconds	class_abilities	vengeance	fork	no
class_ability_voiddamage_percent_per_rank	class_abilities	voiddamage	fork	no
class_ability_weakenedblood_duration_seconds	class_abilities	weakenedblood	fork	no
class_ability_weakenedblood_resist_r1	class_abilities	weakenedblood	fork	no
class_ability_weakenedblood_resist_r2	class_abilities	weakenedblood	fork	no
class_ability_weakenedblood_resist_r3	class_abilities	weakenedblood	fork	no
class_ability_whirlwind_stamina_surcharge	class_abilities	whirlwind	fork	no
class_ability_withering_percent_per_rank	class_abilities	withering	fork	no
class_ability_xp_base_cost	class_abilities	xp	fork	no
class_ability_xp_breakpoint_1	class_abilities	xp	fork	no
class_ability_xp_breakpoint_2	class_abilities	xp	fork	no
class_ability_xp_min_level	class_abilities	xp	fork	no
class_ability_xp_ratio_1	class_abilities	xp	fork	no
class_ability_xp_ratio_2	class_abilities	xp	fork	no
class_ability_xp_ratio_3	class_abilities	xp	fork	no
client_movement_formula	server	General	upstream	no
cloak_cooldown_seconds	items	Cloaks	upstream	no
cloak_max_proc_base	items	Cloaks	upstream	no
cloak_max_proc_damage_percentage	items	Cloaks	upstream	no
cloak_min_proc	items	Cloaks	upstream	no
container_opener_name	server	General	upstream	no
content_folder	server	General	upstream	no
corpse_decay_tick_logging	server	General	upstream	no
corpse_destroy_pyreals	server	General	upstream	no
corpse_spam_limit	server	General	upstream	no
craft_exact_msg	items	Crafting	upstream	no
creature_name_check	combat	Monsters	upstream	no
creatures_drop_createlist_wield	combat	Monsters	upstream	no
custom_aug_brokers_enabled	progression	Custom Augs	fork	no
custom_aug_cost_index_cap	progression	Custom Augs	fork	no
custom_aug_gem_wcid	progression	Custom Augs	fork	no
custom_aug_pickup_speed_bonus	progression	Custom Augs	fork	no
custom_aug_spell_duration_bonus	progression	Custom Augs	fork	no
dat_newer_warning_msg	server	General	upstream	no
dat_older_warning_msg	server	General	upstream	no
default_subscription_level	server	Accounts	upstream	no
discord_relay_enabled	social	Discord	fork	no
discord_webhook_url_audit	social	Discord	fork	yes
discord_webhook_url_events	social	Discord	fork	yes
discord_webhook_url_general	social	Discord	fork	yes
discord_webhook_url_pvp	social	Discord	fork	yes
discord_webhook_url_trade	social	Discord	fork	yes
dynamic_dungeons_band_low_floor	threads	band	fork	no
dynamic_dungeons_banned_spell_ids	threads	banned	fork	no
dynamic_dungeons_boss_any_all_bands	threads	boss	fork	no
dynamic_dungeons_boss_chest_enabled	threads	boss	fork	no
dynamic_dungeons_boss_chest_loot_count	threads	boss	fork	no
dynamic_dungeons_boss_chest_mmd_high_level	threads	boss	fork	no
dynamic_dungeons_boss_chest_mmd_high_max	threads	boss	fork	no
dynamic_dungeons_boss_chest_mmd_low_level	threads	boss	fork	no
dynamic_dungeons_boss_chest_mmd_low_max	threads	boss	fork	no
dynamic_dungeons_boss_clear_weight	threads	boss	fork	no
dynamic_dungeons_boss_damage_rating_floor	threads	boss	fork	no
dynamic_dungeons_boss_damage_resist_floor	threads	boss	fork	no
dynamic_dungeons_boss_defense_band_ratio	threads	boss	fork	no
dynamic_dungeons_boss_family_row_weight	threads	boss	fork	no
dynamic_dungeons_boss_health_band_ratio	threads	boss	fork	no
dynamic_dungeons_boss_health_floor_ratio	threads	boss	fork	no
dynamic_dungeons_boss_health_pack_margin	threads	boss	fork	no
dynamic_dungeons_boss_level_margin	threads	boss	fork	no
dynamic_dungeons_boss_normalize	threads	boss	fork	no
dynamic_dungeons_boss_offense_band_ratio	threads	boss	fork	no
dynamic_dungeons_cache_display_sort	threads	cache	fork	no
dynamic_dungeons_cache_roll_batch_size	threads	cache	fork	no
dynamic_dungeons_cache_step_budget_ms	threads	cache	fork	no
dynamic_dungeons_category_armor_mod_ceiling	threads	category	fork	no
dynamic_dungeons_category_resist_floor	threads	category	fork	no
dynamic_dungeons_clear_effect_enabled	threads	clear	fork	no
dynamic_dungeons_clear_fraction	threads	clear	fork	no
dynamic_dungeons_clear_portal_enabled	threads	clear	fork	no
dynamic_dungeons_data_folder	threads	data	fork	no
dynamic_dungeons_defense_curve_rate_above_375	threads	defense	fork	no
dynamic_dungeons_defense_skill_cap_offset	threads	defense	fork	no
dynamic_dungeons_empty_grace_minutes	threads	empty	fork	no
dynamic_dungeons_enabled	threads	enabled	fork	no
dynamic_dungeons_fit_filter	threads	fit	fork	no
dynamic_dungeons_fit_headroom_margin	threads	fit	fork	no
dynamic_dungeons_group_count_share	threads	group	fork	no
dynamic_dungeons_group_damage_rating_cap	threads	group	fork	no
dynamic_dungeons_group_damage_rating_per_member	threads	group	fork	no
dynamic_dungeons_group_effort_per_member	threads	group	fork	no
dynamic_dungeons_group_enabled	threads	group	fork	no
dynamic_dungeons_group_loot_hold_minutes	threads	group	fork	no
dynamic_dungeons_group_max_monsters_per_run	threads	group	fork	no
dynamic_dungeons_group_reward_bonus_cap	threads	group	fork	no
dynamic_dungeons_group_reward_bonus_per_member	threads	group	fork	no
dynamic_dungeons_guide_enabled	threads	guide	fork	no
dynamic_dungeons_guide_reward_percent	threads	guide	fork	no
dynamic_dungeons_health_curve	threads	health	fork	no
dynamic_dungeons_health_curve_anchor_high	threads	health	fork	no
dynamic_dungeons_health_curve_anchor_low	threads	health	fork	no
dynamic_dungeons_health_curve_top_level	threads	health	fork	no
dynamic_dungeons_loot_miss_attribution	threads	loot	fork	no
dynamic_dungeons_loot_quality_cap	threads	loot	fork	no
dynamic_dungeons_loot_quantity_cap	threads	loot	fork	no
dynamic_dungeons_loot_tier_cap	threads	loot	fork	no
dynamic_dungeons_loot_trickle_budget_ms	threads	loot	fork	no
dynamic_dungeons_loot_trickle_max_prebuilt	threads	loot	fork	no
dynamic_dungeons_loot_weenie_warmup	threads	loot	fork	no
dynamic_dungeons_lum_mult_cap	threads	lum	fork	no
dynamic_dungeons_lum_scale	threads	lum	fork	no
dynamic_dungeons_max_concurrent_runs	threads	max	fork	no
dynamic_dungeons_max_monsters_per_run	threads	max	fork	no
dynamic_dungeons_max_runs_per_account	threads	max	fork	no
dynamic_dungeons_max_unloads_per_tick	threads	max	fork	no
dynamic_dungeons_min_eligible_families	threads	min	fork	no
dynamic_dungeons_min_family_pool	threads	min	fork	no
dynamic_dungeons_min_monsters_per_run	threads	min	fork	no
dynamic_dungeons_min_player_level	threads	min	fork	no
dynamic_dungeons_modifier_level_exponent	threads	modifier	fork	no
dynamic_dungeons_modifier_reward_scale	threads	modifier	fork	no
dynamic_dungeons_placement_fallback_attempts	threads	placement	fork	no
dynamic_dungeons_plan_cache	threads	plan	fork	no
dynamic_dungeons_pooled_loot_enabled	threads	pooled	fork	no
dynamic_dungeons_press_aim_chance	threads	press	fork	no
dynamic_dungeons_press_dose_log	threads	press	fork	no
dynamic_dungeons_press_enabled	threads	press	fork	no
dynamic_dungeons_press_fee_notes	threads	press	fork	no
dynamic_dungeons_press_max_mods	threads	press	fork	no
dynamic_dungeons_puzzle_fail_policy_enabled	threads	puzzle	fork	no
dynamic_dungeons_puzzle_fail_threshold	threads	puzzle	fork	no
dynamic_dungeons_puzzle_fail_window_minutes	threads	puzzle	fork	no
dynamic_dungeons_puzzle_gates_enabled	threads	puzzle	fork	no
dynamic_dungeons_puzzle_gates_per_run	threads	puzzle	fork	no
dynamic_dungeons_puzzle_lockout_minutes	threads	puzzle	fork	no
dynamic_dungeons_puzzle_reward_scene_enabled	threads	puzzle	fork	no
dynamic_dungeons_reach_up	threads	reach	fork	no
dynamic_dungeons_reward_scale_anchor	threads	reward	fork	no
dynamic_dungeons_reward_scale_cap	threads	reward	fork	no
dynamic_dungeons_reward_scale_exponent	threads	reward	fork	no
dynamic_dungeons_reward_scale_floor	threads	reward	fork	no
dynamic_dungeons_reward_scaling	threads	reward	fork	no
dynamic_dungeons_roster_band_high	threads	roster	fork	no
dynamic_dungeons_roster_band_low	threads	roster	fork	no
dynamic_dungeons_run_ttl_minutes	threads	run	fork	no
dynamic_dungeons_salvage_affinity_chance_cap	threads	salvage	fork	no
dynamic_dungeons_spawn_batch_size	threads	spawn	fork	no
dynamic_dungeons_spawn_step_budget_ms	threads	spawn	fork	no
dynamic_dungeons_stat_curve	threads	stat	fork	no
dynamic_dungeons_strip_aoe_spells	threads	strip	fork	no
dynamic_dungeons_strip_combat_traits	threads	strip	fork	no
dynamic_dungeons_survey_level_scaling	threads	survey	fork	no
dynamic_dungeons_survey_min_level	threads	survey	fork	no
dynamic_dungeons_survey_ratio_exponent	threads	survey	fork	no
dynamic_dungeons_survey_ratio_floor	threads	survey	fork	no
dynamic_dungeons_survey_reference_level	threads	survey	fork	no
dynamic_dungeons_survey_reset_hour	threads	survey	fork	no
dynamic_dungeons_survey_reset_timezone	threads	survey	fork	no
dynamic_dungeons_trash_health_floor_ratio	threads	trash	fork	no
dynamic_dungeons_uplift_attributes	threads	uplift	fork	no
dynamic_dungeons_uplift_rename	threads	uplift	fork	no
dynamic_dungeons_xp_mult_cap	threads	xp	fork	no
dynamic_dungeons_xp_scale	threads	xp	fork	no
emote_give_preflight	server	General	fork	no
encounter_delay	combat	Monsters	upstream	no
encounter_regen_interval	combat	Monsters	upstream	no
enlightenment_broadcast_enabled	social	Messages	fork	no
epic_cantrip_drop_rate	items	Loot	upstream	no
equipment_mod_potency_scale	items	Equipment Mods	fork	no
equipment_mods_enabled	items	Equipment Mods	fork	no
facet_allowlist	progression	Facets	fork	no
facet_allowlist_name	progression	Facets	fork	no
facet_enabled	progression	Facets	fork	no
facet_pk_enabled	pvp	World Type	fork	no
facet_pk_level	pvp	World Type	fork	no
facet_slot2_level	progression	Facets	fork	no
facet_slot3_level	progression	Facets	fork	no
facet_slot4_level	progression	Facets	fork	no
fast_missile_modifier	combat	Combat	upstream	no
fast_tick_all_players	server	General	fork	no
fastbuff	server	General	upstream	no
fellow_busy_no_recruit	social	Fellowship	upstream	no
fellow_kt_killer	social	Fellowship	upstream	no
fellowship_addlandblock_cooldown	social	Fellowship	fork	no
fellowship_even_share_level	social	Fellowship	upstream	no
fellowship_leech_check_default	social	Fellowship	fork	no
fellowship_leech_rejoin_lockout	social	Fellowship	fork	no
fellowship_leech_timeout	social	Fellowship	fork	no
fellowship_leech_warn_seconds	social	Fellowship	fork	no
fellowship_level_restrictions	social	Fellowship	fork	no
fellowship_max_members	social	Fellowship	fork	no
fellowship_password_lockout	social	Fellowship	fork	yes
fellowship_password_max_attempts	social	Fellowship	fork	yes
fellowship_recruit_reject_cooldown	social	Fellowship	fork	no
fellowship_share_group_plateau	social	Fellowship	fork	no
fellowship_vital_update_interval	social	Fellowship	fork	no
fellowship_xp_tell_invite_enabled	social	Fellowship	fork	no
fix_chest_missing_inventory_window	server	General	upstream	no
gateway_ties_summonable	server	General	upstream	no
gearknight_core_plating	server	General	upstream	no
house_15day_account	social	Housing	upstream	no
house_30day_cooldown	social	Housing	upstream	no
house_hook_limit	social	Housing	upstream	no
house_hookgroup_limit	social	Housing	upstream	no
house_per_char	social	Housing	upstream	no
house_purchase_requirements	social	Housing	upstream	no
house_rent_enabled	social	Housing	upstream	no
ignore_magic_armor_pvp_scalar	pvp	Scalars	upstream	no
ignore_magic_resist_pvp_scalar	pvp	Scalars	upstream	no
iou_trades	economy	Vendors	upstream	no
ip_limit_activity_tail_seconds	server	IP Limit	fork	no
ip_limit_confine_proving_grounds	server	IP Limit	fork	no
ip_limit_confine_pvp_arena	pvp	Arena	fork	no
ip_limit_confine_speed_runs	server	IP Limit	fork	no
ip_limit_enabled	server	IP Limit	fork	no
ip_limit_exempt_access_level	server	IP Limit	fork	no
ip_limit_exempt_accounts	server	IP Limit	fork	no
ip_limit_grace_seconds	server	IP Limit	fork	no
ip_limit_max_confined	server	IP Limit	fork	no
ip_limit_max_free	server	IP Limit	fork	no
ip_limit_sweep_seconds	server	IP Limit	fork	no
item_dispel	combat	Magic	upstream	no
landblock_weenie_prefetch	server	General	fork	no
legendary_cantrip_drop_rate	items	Loot	upstream	no
life_drain_resist_floor	combat	Magic	fork	no
lifestone_broadcast_death	social	Messages	upstream	no
loot_quality_mod	items	Loot	upstream	no
luminance_modifier	progression	XP	upstream	no
major_cantrip_drop_rate	items	Loot	upstream	no
mansion_min_rank	social	Housing	upstream	no
market_ad_interval_hours	economy	Market	fork	no
market_ad_sender_name	economy	Market	fork	no
market_ad_site_url	economy	Market	fork	no
market_allow_class_listings	economy	Market	fork	no
market_allow_free_listings	economy	Market	fork	no
market_buy_order_max_count	economy	Market	fork	no
market_buy_order_max_days	economy	Market	fork	no
market_buy_orders_enabled	economy	Market	fork	no
market_enabled	economy	Market	fork	no
market_max_listings_per_account	economy	Market	fork	no
market_max_price_mmd	economy	Market	fork	no
market_reject_log_enabled	economy	Market	fork	no
market_reject_retention_days	economy	Market	fork	no
market_snapshot_backfill_on_start	economy	Market	fork	no
market_upgrade_enabled	economy	Market	fork	no
market_upgrade_max_count	economy	Market	fork	no
max_chars_per_account	server	Accounts	upstream	no
melee_max_angle	combat	Combat	upstream	no
minor_cantrip_drop_rate	items	Loot	upstream	no
ml_digsite_audience_radius_metres	server	General	fork	no
ml_digsite_boss_tether_radius	server	General	fork	no
ml_digsite_bossrush_drum_max_casters	server	General	fork	no
ml_digsite_bossrush_drum_motion	server	General	fork	no
ml_digsite_bossrush_drum_ring_spell	server	General	fork	no
ml_digsite_bossrush_drum_wall_spell	server	General	fork	no
ml_digsite_bossrush_drums	server	General	fork	no
ml_digsite_bossrush_hazard_marker_wcid	server	General	fork	no
ml_digsite_bossrush_immune	server	General	fork	no
ml_digsite_bossrush_interrupt	server	General	fork	no
ml_digsite_bossrush_interrupt_wcid	server	General	fork	no
ml_digsite_bossrush_mechanic	server	General	fork	no
ml_digsite_bossrush_mechanics_enabled	server	General	fork	no
ml_digsite_bossrush_min_fraction	server	General	fork	no
ml_digsite_bossrush_safe_marker_wcid	server	General	fork	no
ml_digsite_bossrush_safezones	server	General	fork	no
ml_digsite_bossrush_secondary_cadence_mult	server	General	fork	no
ml_digsite_bossrush_set_force	server	General	fork	no
ml_digsite_bossrush_sets	server	General	fork	no
ml_digsite_bossrush_volatile	server	General	fork	no
ml_digsite_checkpoint_bonus	server	General	fork	no
ml_digsite_checkpoint_every	server	General	fork	no
ml_digsite_chest_doubloons	server	General	fork	no
ml_digsite_chest_loot_count	server	General	fork	no
ml_digsite_chest_trade_notes	server	General	fork	no
ml_digsite_chest_treasure_death_id	server	General	fork	no
ml_digsite_chest_ttl_seconds	server	General	fork	no
ml_digsite_corrupted_health_multiplier	server	General	fork	no
ml_digsite_corruption_field_spawn_count	server	General	fork	no
ml_digsite_corruption_field_spawn_seconds	server	General	fork	no
ml_digsite_corruption_kills_required	server	General	fork	no
ml_digsite_corruption_power_per_tick	server	General	fork	no
ml_digsite_corruption_power_tick_seconds	server	General	fork	no
ml_digsite_crowd_dr_cap	server	General	fork	no
ml_digsite_crowd_dr_per_player	server	General	fork	no
ml_digsite_crowd_health_cap	server	General	fork	no
ml_digsite_crowd_per_player	server	General	fork	no
ml_digsite_enabled	server	General	fork	no
ml_digsite_fail_payout_multiplier	server	General	fork	no
ml_digsite_forced_miniboss_seconds	server	General	fork	no
ml_digsite_full_luminance	server	General	fork	no
ml_digsite_full_xp	server	General	fork	no
ml_digsite_group_share_max	server	General	fork	no
ml_digsite_group_share_min	server	General	fork	no
ml_digsite_group_share_pool	server	General	fork	no
ml_digsite_inter_wave_seconds	server	General	fork	no
ml_digsite_kept_siraluun_chance	server	General	fork	no
ml_digsite_max_concurrent	server	General	fork	no
ml_digsite_partial_payout_fraction	server	General	fork	no
ml_digsite_presence_window_seconds	server	General	fork	no
ml_digsite_priority_scale	server	General	fork	no
ml_digsite_priority_script	server	General	fork	no
ml_digsite_radar_color	server	General	fork	no
ml_digsite_separation_metres	server	General	fork	no
ml_digsite_spawn_radius_metres	server	General	fork	no
ml_digsite_stall_timeout_seconds	server	General	fork	no
ml_digsite_status_interval_seconds	server	General	fork	no
ml_digsite_tether_heal_enabled	server	General	fork	no
ml_digsite_ttl_seconds	server	General	fork	no
ml_digsite_wave_count_base	server	General	fork	no
ml_digsite_wave_count_cap	server	General	fork	no
ml_digsite_wave_count_per_participant	server	General	fork	no
ml_digsite_wave_count_per_wave	server	General	fork	no
ml_digsite_wave_dr_cap	server	General	fork	no
ml_digsite_wave_dr_per_wave	server	General	fork	no
ml_digsite_wave_health_cap	server	General	fork	no
ml_digsite_wave_health_per_wave	server	General	fork	no
ml_digsite_wave_tiers	server	General	fork	no
ml_digsite_wave_time_limit_seconds	server	General	fork	no
ml_digsite_weenie_warmup	server	General	fork	no
ml_digsite_weight_bossrush	server	General	fork	no
ml_digsite_weight_corruption	server	General	fork	no
ml_digsite_weight_waves	server	General	fork	no
ml_digsite_wipe_grace_seconds	server	General	fork	no
ml_mapevent_boss_base_health	server	General	fork	no
ml_mapevent_boss_damage_scaling_enabled	server	General	fork	no
ml_mapevent_boss_health_cap	server	General	fork	no
ml_mapevent_boss_hits_to_kill	server	General	fork	no
ml_mapevent_boss_magic_defense_scale	server	General	fork	no
ml_mapevent_boss_power_per_player	server	General	fork	no
ml_mapevent_min_hit_chance	server	General	fork	no
ml_mapevent_min_spell_land_chance	server	General	fork	no
ml_mapevent_spread_scaling_enabled	server	General	fork	no
ml_mapevent_trash_damage_floor	server	General	fork	no
ml_mapevent_trash_health_exponent	server	General	fork	no
ml_mapevent_trash_max_hit_chance	server	General	fork	no
ml_mapevent_trash_reference_max_health	server	General	fork	no
ml_mapevent_xp_level_exponent	server	General	fork	no
ml_relaria_aura_pulse_seconds	progression	ML Treasure Hunt	fork	no
ml_relaria_aura_script	progression	ML Treasure Hunt	fork	no
ml_relaria_pulse_effects_enabled	progression	ML Treasure Hunt	fork	no
ml_relaria_repeat_aura_chance	progression	ML Treasure Hunt	fork	no
ml_relaria_repeat_doubloons	progression	ML Treasure Hunt	fork	no
ml_treasure_boss_tether_radius	progression	ML Treasure Hunt	fork	no
ml_treasure_boss_ttl_seconds	progression	ML Treasure Hunt	fork	no
ml_treasure_dig_steps	progression	ML Treasure Hunt	fork	no
ml_treasure_drop_chance	progression	ML Treasure Hunt	fork	no
ml_treasure_enabled	progression	ML Treasure Hunt	fork	no
ml_treasure_far_metres	progression	ML Treasure Hunt	fork	no
ml_treasure_near_metres	progression	ML Treasure Hunt	fork	no
ml_treasure_payout_max	progression	ML Treasure Hunt	fork	no
ml_treasure_payout_min	progression	ML Treasure Hunt	fork	no
ml_treasure_relaria_chance	progression	ML Treasure Hunt	fork	no
ml_treasure_reroll_max_metres	progression	ML Treasure Hunt	fork	no
ml_treasure_site_radius_metres	progression	ML Treasure Hunt	fork	no
ml_treasure_sites_folder	progression	ML Treasure Hunt	fork	no
mob_awareness_range	combat	Monsters	upstream	no
monster_conditional_spell_selection	combat	Monsters	fork	no
monster_effect_avoidance_cap	combat	Monsters	fork	no
monster_effect_damage_rider_cap	combat	Monsters	fork	no
monster_effect_debuff_cap	combat	Monsters	fork	no
monster_effect_debuff_vuln_cap	combat	Monsters	fork	no
monster_effect_leech_cap	combat	Monsters	fork	no
monster_effect_manabarrier_cap	combat	Monsters	fork	no
monster_effect_max_per_monster	combat	Monsters	fork	no
monster_effect_proc_chance_cap	combat	Monsters	fork	no
monster_effect_ramp_stack_cap	combat	Monsters	fork	no
monster_effect_recast_cap	combat	Monsters	fork	no
monster_effect_reflect_cooldown	combat	Monsters	fork	no
monster_effect_reflect_max_range	combat	Monsters	fork	no
monster_effect_reflect_per_level	combat	Monsters	fork	no
monster_effect_speed_cap	combat	Monsters	fork	no
monster_effect_ward_cap	combat	Monsters	fork	no
monster_effects_enabled	combat	Monsters	fork	no
motion_stall_autoclear	server	General	fork	no
motion_stall_threshold_seconds	server	General	fork	no
motion_stall_turn_blocked_seconds	server	General	fork	no
mule_bind_position	economy	Mule	fork	no
mule_form_enabled	economy	Mule	fork	no
mule_form_max_effect_scale	economy	Mule	fork	no
mule_landblocks	economy	Mule	fork	no
mule_level	economy	Mule	fork	no
mule_max_convert_level	economy	Mule	fork	no
mule_pack_wcid	economy	Mule	fork	no
mule_strength	economy	Mule	fork	no
mule_system_enabled	economy	Mule	fork	no
mule_upgrade_enabled	economy	Mule	fork	no
mule_upgrade_max_count	economy	Mule	fork	no
npc_hairstyle_fullrange	server	General	upstream	no
offline_bonus_enabled	progression	Offline Bonus	fork	no
offline_bonus_idle_accrual_rate	progression	Offline Bonus	fork	no
offline_bonus_idle_timeout_seconds	progression	Offline Bonus	fork	no
offline_bonus_max_seconds	progression	Offline Bonus	fork	no
offline_bonus_multiplier	progression	Offline Bonus	fork	no
offline_xp_passup_limit	progression	Offline Bonus	upstream	no
olthoi_play_disabled	server	General	upstream	no
override_encounter_spawn_rates	combat	Monsters	upstream	no
permit_corpse_all	server	General	upstream	no
persist_movement	server	General	upstream	no
pet_combat_unreachable_ignore_seconds	combat	Pets	fork	no
pet_combat_unreachable_seconds	combat	Pets	fork	no
pet_follow_max_seconds	combat	Pets	fork	no
pet_follow_stuck_seconds	combat	Pets	fork	no
pet_follow_teleport_distance	combat	Pets	fork	no
pet_stow_replace	combat	Pets	upstream	no
pickup_animation_speed	server	General	fork	no
pickup_animation_speed_max	server	General	fork	no
pickup_speed_quest_bonus	server	General	fork	no
pk_new_character_grace_period	pvp	World Type	upstream	no
pk_respite_timer	pvp	World Type	upstream	no
pk_server	pvp	World Type	upstream	no
pk_server_safe_training_academy	pvp	World Type	upstream	no
pk_timer	pvp	World Type	upstream	no
pkl_server	pvp	World Type	upstream	no
player_config_command	server	Players	upstream	no
player_config_command_resend_description	server	Players	fork	no
player_corpse_max_lifetime_seconds	server	Players	fork	no
player_death_no_item_loss	server	Players	fork	no
player_receive_immediate_save	server	Players	upstream	no
player_save_interval	server	Players	upstream	no
player_touchdown_teleport	server	Players	fork	no
player_turnto_speed_bonus_max	server	Players	fork	no
player_turnto_speed_per_quickness	server	Players	fork	no
popup_header	social	Messages	upstream	no
popup_motd	social	Messages	upstream	no
popup_welcome	social	Messages	upstream	no
popup_welcome_olthoi	social	Messages	upstream	no
pvp_arena_1v1_enabled	pvp	Arena	fork	no
pvp_arena_2v2_enabled	pvp	Arena	fork	no
pvp_arena_accept_seconds	pvp	Arena	fork	no
pvp_arena_block_same_ip	pvp	Arena	fork	no
pvp_arena_blood_daily_cap	pvp	Arena	fork	no
pvp_arena_blood_draw	pvp	Arena	fork	no
pvp_arena_blood_enabled	pvp	Arena	fork	no
pvp_arena_blood_loss	pvp	Arena	fork	no
pvp_arena_blood_reset_hour	pvp	Arena	fork	no
pvp_arena_blood_reset_timezone	pvp	Arena	fork	no
pvp_arena_blood_win	pvp	Arena	fork	no
pvp_arena_bow_crit_chance	pvp	Arena	fork	no
pvp_arena_bow_crit_dmg	pvp	Arena	fork	no
pvp_arena_bow_crit_dmg_hollow_dmg	pvp	Arena	fork	no
pvp_arena_bow_crit_dmg_weeping_dmg	pvp	Arena	fork	no
pvp_arena_bow_dmg	pvp	Arena	fork	no
pvp_arena_bow_hollow_dmg	pvp	Arena	fork	no
pvp_arena_bow_weeping_dmg	pvp	Arena	fork	no
pvp_arena_countdown_seconds	pvp	Arena	fork	no
pvp_arena_crier_announce_on_join	pvp	Arena Crier	fork	no
pvp_arena_crier_enabled	pvp	Arena Crier	fork	no
pvp_arena_crier_interval_seconds	pvp	Arena Crier	fork	no
pvp_arena_crier_last_call_cooldown_seconds	pvp	Arena Crier	fork	no
pvp_arena_crier_last_call_delay_seconds	pvp	Arena Crier	fork	no
pvp_arena_crier_sender_name	pvp	Arena Crier	fork	no
pvp_arena_crossbow_crit_chance	pvp	Arena	fork	no
pvp_arena_crossbow_crit_dmg	pvp	Arena	fork	no
pvp_arena_crossbow_crit_dmg_hollow_dmg	pvp	Arena	fork	no
pvp_arena_crossbow_crit_dmg_weeping_dmg	pvp	Arena	fork	no
pvp_arena_crossbow_dmg	pvp	Arena	fork	no
pvp_arena_crossbow_hollow_dmg	pvp	Arena	fork	no
pvp_arena_crossbow_weeping_dmg	pvp	Arena	fork	no
pvp_arena_death_keeps_enchantments	pvp	Arena	fork	no
pvp_arena_decline_lockout_seconds	pvp	Arena	fork	no
pvp_arena_denylist	pvp	Arena	fork	no
pvp_arena_dmg_mod_1v1	pvp	Arena	fork	no
pvp_arena_dmg_mod_ffa	pvp	Arena	fork	no
pvp_arena_duo_vs_solo_after_seconds	pvp	Arena	fork	no
pvp_arena_enabled	pvp	Arena	fork	no
pvp_arena_ffa_enabled	pvp	Arena	fork	no
pvp_arena_ffa_max_players	pvp	Arena	fork	no
pvp_arena_ffa_min_decay_seconds	pvp	Arena	fork	no
pvp_arena_ffa_min_players	pvp	Arena	fork	no
pvp_arena_ffa_ring_dmg	pvp	Arena	fork	no
pvp_arena_ffa_target_players	pvp	Arena	fork	no
pvp_arena_finesse_crit_chance	pvp	Arena	fork	no
pvp_arena_finesse_crit_dmg	pvp	Arena	fork	no
pvp_arena_finesse_crit_dmg_hollow_dmg	pvp	Arena	fork	no
pvp_arena_finesse_crit_dmg_weeping_dmg	pvp	Arena	fork	no
pvp_arena_finesse_dmg	pvp	Arena	fork	no
pvp_arena_finesse_hollow_dmg	pvp	Arena	fork	no
pvp_arena_finesse_weeping_dmg	pvp	Arena	fork	no
pvp_arena_friendly_fire	pvp	Arena	fork	no
pvp_arena_healkit_restoration_cap_1v1	pvp	Arena	fork	no
pvp_arena_healkit_skill_cap_1v1	pvp	Arena	fork	no
pvp_arena_heavy_crit_chance	pvp	Arena	fork	no
pvp_arena_heavy_crit_dmg	pvp	Arena	fork	no
pvp_arena_heavy_crit_dmg_hollow_dmg	pvp	Arena	fork	no
pvp_arena_heavy_crit_dmg_weeping_dmg	pvp	Arena	fork	no
pvp_arena_heavy_dmg	pvp	Arena	fork	no
pvp_arena_heavy_hollow_dmg	pvp	Arena	fork	no
pvp_arena_heavy_weeping_dmg	pvp	Arena	fork	no
pvp_arena_light_crit_chance	pvp	Arena	fork	no
pvp_arena_light_crit_dmg	pvp	Arena	fork	no
pvp_arena_light_crit_dmg_hollow_dmg	pvp	Arena	fork	no
pvp_arena_light_crit_dmg_weeping_dmg	pvp	Arena	fork	no
pvp_arena_light_dmg	pvp	Arena	fork	no
pvp_arena_light_hollow_dmg	pvp	Arena	fork	no
pvp_arena_light_weeping_dmg	pvp	Arena	fork	no
pvp_arena_magic_absorb	pvp	Arena	fork	no
pvp_arena_max_concurrent_matches	pvp	Arena	fork	no
pvp_arena_min_level	pvp	Arena	fork	no
pvp_arena_mm_window_growth_per_minute	pvp	Arena	fork	no
pvp_arena_mm_window_initial	pvp	Arena	fork	no
pvp_arena_mm_window_max	pvp	Arena	fork	no
pvp_arena_overtime_damage_ramp_per_minute	pvp	Arena	fork	no
pvp_arena_overtime_enabled	pvp	Arena	fork	no
pvp_arena_overtime_healing_mod	pvp	Arena	fork	no
pvp_arena_overtime_seconds	pvp	Arena	fork	no
pvp_arena_post_match_seconds	pvp	Arena	fork	no
pvp_arena_restrict_spells	pvp	Arena	fork	no
pvp_arena_retire_combat_pets	pvp	Arena	fork	no
pvp_arena_staging_timeout_seconds	pvp	Arena	fork	no
pvp_arena_suppress_class_abilities	pvp	Arena	fork	no
pvp_arena_suppress_equipment_mods	pvp	Arena	fork	no
pvp_arena_suppress_pickup_boons	pvp	Arena	fork	no
pvp_arena_suppress_turn_speed	pvp	Arena	fork	no
pvp_arena_suppress_weapon_mods	pvp	Arena	fork	no
pvp_arena_thrown_crit_chance	pvp	Arena	fork	no
pvp_arena_thrown_crit_dmg	pvp	Arena	fork	no
pvp_arena_thrown_crit_dmg_hollow_dmg	pvp	Arena	fork	no
pvp_arena_thrown_crit_dmg_weeping_dmg	pvp	Arena	fork	no
pvp_arena_thrown_dmg	pvp	Arena	fork	no
pvp_arena_thrown_hollow_dmg	pvp	Arena	fork	no
pvp_arena_thrown_weeping_dmg	pvp	Arena	fork	no
pvp_arena_time_limit_seconds_1v1	pvp	Arena	fork	no
pvp_arena_time_limit_seconds_2v2	pvp	Arena	fork	no
pvp_arena_time_limit_seconds_ffa	pvp	Arena	fork	no
pvp_arena_twohanded_crit_chance	pvp	Arena	fork	no
pvp_arena_twohanded_crit_dmg	pvp	Arena	fork	no
pvp_arena_twohanded_crit_dmg_hollow_dmg	pvp	Arena	fork	no
pvp_arena_twohanded_crit_dmg_weeping_dmg	pvp	Arena	fork	no
pvp_arena_twohanded_dmg	pvp	Arena	fork	no
pvp_arena_twohanded_hollow_dmg	pvp	Arena	fork	no
pvp_arena_twohanded_weeping_dmg	pvp	Arena	fork	no
pvp_arena_war_arc_dmg	pvp	Arena	fork	no
pvp_arena_war_blast_dmg	pvp	Arena	fork	no
pvp_arena_war_bolt_dmg	pvp	Arena	fork	no
pvp_arena_war_crit_chance	pvp	Arena	fork	no
pvp_arena_war_crit_dmg	pvp	Arena	fork	no
pvp_arena_war_ring_dmg	pvp	Arena	fork	no
pvp_arena_war_streak_dmg	pvp	Arena	fork	no
pvp_arena_war_walls_dmg	pvp	Arena	fork	no
pvp_bg_ad_alert_min_interval_seconds	pvp	Arena	fork	no
pvp_bg_ad_alert_step_percent	pvp	Arena	fork	no
pvp_bg_ad_crystal_count	pvp	Arena	fork	no
pvp_bg_ad_crystal_health_per_attacker	pvp	Arena	fork	no
pvp_bg_ad_defender_dr_cap	pvp	Arena	fork	no
pvp_bg_ad_defender_dr_per	pvp	Arena	fork	no
pvp_bg_ad_defender_dr_radius	pvp	Arena	fork	no
pvp_bg_ad_defender_dr_window_s	pvp	Arena	fork	no
pvp_bg_ad_enabled	pvp	Arena	fork	no
pvp_bg_ad_kill_chip_pct	pvp	Arena	fork	no
pvp_bg_ad_kill_heal_pct	pvp	Arena	fork	no
pvp_bg_ad_kill_range	pvp	Arena	fork	no
pvp_bg_ad_respawn_seconds_attackers	pvp	Arena	fork	no
pvp_bg_ad_respawn_seconds_defenders	pvp	Arena	fork	no
pvp_bg_ad_sequential_crystals	pvp	Arena	fork	no
pvp_bg_ad_status_announce_seconds	pvp	Arena	fork	no
pvp_bg_bow_crit_chance	pvp	Arena	fork	no
pvp_bg_bow_crit_dmg	pvp	Arena	fork	no
pvp_bg_bow_crit_dmg_hollow_dmg	pvp	Arena	fork	no
pvp_bg_bow_crit_dmg_weeping_dmg	pvp	Arena	fork	no
pvp_bg_bow_dmg	pvp	Arena	fork	no
pvp_bg_bow_hollow_dmg	pvp	Arena	fork	no
pvp_bg_bow_weeping_dmg	pvp	Arena	fork	no
pvp_bg_crossbow_crit_chance	pvp	Arena	fork	no
pvp_bg_crossbow_crit_dmg	pvp	Arena	fork	no
pvp_bg_crossbow_crit_dmg_hollow_dmg	pvp	Arena	fork	no
pvp_bg_crossbow_crit_dmg_weeping_dmg	pvp	Arena	fork	no
pvp_bg_crossbow_dmg	pvp	Arena	fork	no
pvp_bg_crossbow_hollow_dmg	pvp	Arena	fork	no
pvp_bg_crossbow_weeping_dmg	pvp	Arena	fork	no
pvp_bg_dmg_mod	pvp	Arena	fork	no
pvp_bg_enabled	pvp	Arena	fork	no
pvp_bg_fill_window_seconds	pvp	Arena	fork	no
pvp_bg_finesse_crit_chance	pvp	Arena	fork	no
pvp_bg_finesse_crit_dmg	pvp	Arena	fork	no
pvp_bg_finesse_crit_dmg_hollow_dmg	pvp	Arena	fork	no
pvp_bg_finesse_crit_dmg_weeping_dmg	pvp	Arena	fork	no
pvp_bg_finesse_dmg	pvp	Arena	fork	no
pvp_bg_finesse_hollow_dmg	pvp	Arena	fork	no
pvp_bg_finesse_weeping_dmg	pvp	Arena	fork	no
pvp_bg_heavy_crit_chance	pvp	Arena	fork	no
pvp_bg_heavy_crit_dmg	pvp	Arena	fork	no
pvp_bg_heavy_crit_dmg_hollow_dmg	pvp	Arena	fork	no
pvp_bg_heavy_crit_dmg_weeping_dmg	pvp	Arena	fork	no
pvp_bg_heavy_dmg	pvp	Arena	fork	no
pvp_bg_heavy_hollow_dmg	pvp	Arena	fork	no
pvp_bg_heavy_weeping_dmg	pvp	Arena	fork	no
pvp_bg_koth_decay_points	pvp	Arena	fork	no
pvp_bg_koth_dedupe_ip	pvp	Arena	fork	no
pvp_bg_koth_drain_health	pvp	Arena	fork	no
pvp_bg_koth_drain_lethal	pvp	Arena	fork	no
pvp_bg_koth_drain_mana	pvp	Arena	fork	no
pvp_bg_koth_drain_stamina	pvp	Arena	fork	no
pvp_bg_koth_enabled	pvp	Arena	fork	no
pvp_bg_koth_hill_moves	pvp	Arena	fork	no
pvp_bg_koth_hold_points	pvp	Arena	fork	no
pvp_bg_koth_marker_spacing	pvp	Arena	fork	no
pvp_bg_koth_marker_z_offset	pvp	Arena	fork	no
pvp_bg_koth_markers_enabled	pvp	Arena	fork	no
pvp_bg_koth_min_holders	pvp	Arena	fork	no
pvp_bg_koth_score_announce_seconds	pvp	Arena	fork	no
pvp_bg_koth_score_target	pvp	Arena	fork	no
pvp_bg_koth_tick_seconds	pvp	Arena	fork	no
pvp_bg_koth_zone_height	pvp	Arena	fork	no
pvp_bg_koth_zone_radius	pvp	Arena	fork	no
pvp_bg_light_crit_chance	pvp	Arena	fork	no
pvp_bg_light_crit_dmg	pvp	Arena	fork	no
pvp_bg_light_crit_dmg_hollow_dmg	pvp	Arena	fork	no
pvp_bg_light_crit_dmg_weeping_dmg	pvp	Arena	fork	no
pvp_bg_light_dmg	pvp	Arena	fork	no
pvp_bg_light_hollow_dmg	pvp	Arena	fork	no
pvp_bg_light_weeping_dmg	pvp	Arena	fork	no
pvp_bg_magic_absorb	pvp	Arena	fork	no
pvp_bg_marks_daily_cap	pvp	Arena	fork	no
pvp_bg_marks_draw	pvp	Arena	fork	no
pvp_bg_marks_loss	pvp	Arena	fork	no
pvp_bg_marks_scale	pvp	Arena	fork	no
pvp_bg_marks_win	pvp	Arena	fork	no
pvp_bg_max_concurrent_matches	pvp	Arena	fork	no
pvp_bg_max_players	pvp	Arena	fork	no
pvp_bg_max_premade_size	pvp	Arena	fork	no
pvp_bg_min_players	pvp	Arena	fork	no
pvp_bg_premade_imbalance_tolerance	pvp	Arena	fork	no
pvp_bg_premade_vs_solo_after_seconds	pvp	Arena	fork	no
pvp_bg_respawn_seconds	pvp	Arena	fork	no
pvp_bg_snake_draft	pvp	Arena	fork	no
pvp_bg_spawn_protection_seconds	pvp	Arena	fork	no
pvp_bg_split_clanmates	pvp	Arena	fork	no
pvp_bg_team_fellowship	pvp	Arena	fork	no
pvp_bg_team_fellowship_restore	pvp	Arena	fork	no
pvp_bg_thrown_crit_chance	pvp	Arena	fork	no
pvp_bg_thrown_crit_dmg	pvp	Arena	fork	no
pvp_bg_thrown_crit_dmg_hollow_dmg	pvp	Arena	fork	no
pvp_bg_thrown_crit_dmg_weeping_dmg	pvp	Arena	fork	no
pvp_bg_thrown_dmg	pvp	Arena	fork	no
pvp_bg_thrown_hollow_dmg	pvp	Arena	fork	no
pvp_bg_thrown_weeping_dmg	pvp	Arena	fork	no
pvp_bg_time_limit_seconds_ad	pvp	Arena	fork	no
pvp_bg_time_limit_seconds_koth	pvp	Arena	fork	no
pvp_bg_twohanded_crit_chance	pvp	Arena	fork	no
pvp_bg_twohanded_crit_dmg	pvp	Arena	fork	no
pvp_bg_twohanded_crit_dmg_hollow_dmg	pvp	Arena	fork	no
pvp_bg_twohanded_crit_dmg_weeping_dmg	pvp	Arena	fork	no
pvp_bg_twohanded_dmg	pvp	Arena	fork	no
pvp_bg_twohanded_hollow_dmg	pvp	Arena	fork	no
pvp_bg_twohanded_weeping_dmg	pvp	Arena	fork	no
pvp_bg_war_arc_dmg	pvp	Arena	fork	no
pvp_bg_war_blast_dmg	pvp	Arena	fork	no
pvp_bg_war_bolt_dmg	pvp	Arena	fork	no
pvp_bg_war_crit_chance	pvp	Arena	fork	no
pvp_bg_war_crit_dmg	pvp	Arena	fork	no
pvp_bg_war_ring_dmg	pvp	Arena	fork	no
pvp_bg_war_streak_dmg	pvp	Arena	fork	no
pvp_bg_war_walls_dmg	pvp	Arena	fork	no
pvp_block_airborne_consumables	pvp	Rules	fork	no
pvp_cb_crit_mod	pvp	Rules	fork	no
pvp_cleave_enabled	pvp	Rules	fork	no
pvp_cloak_damage_reduction	pvp	Rules	fork	no
pvp_consumable_min_interval_ms	pvp	Rules	fork	no
pvp_crit_damage_mod	pvp	Rules	fork	no
pvp_crit_damage_rating_scale	pvp	Rules	fork	no
pvp_cs_crit_mod	pvp	Rules	fork	no
pvp_damage_cap	pvp	Rules	fork	no
pvp_damage_cap_max_health_fraction	pvp	Rules	fork	no
pvp_damage_rating_scale	pvp	Rules	fork	no
pvp_dispel_vuln_lock_seconds	pvp	Rules	fork	no
pvp_healing_mod	pvp	Rules	fork	no
pvp_health_ceiling	pvp	Rules	fork	no
pvp_health_floor	pvp	Rules	fork	no
pvp_magic_absorb_mod	pvp	Rules	fork	no
pvp_magic_defense_mod	pvp	Rules	fork	no
pvp_melee_damage_mod	pvp	Rules	fork	no
pvp_melee_defense_mod	pvp	Rules	fork	no
pvp_missile_damage_mod	pvp	Rules	fork	no
pvp_missile_defense_mod	pvp	Rules	fork	no
pvp_rating_decay_floor	pvp	Arena Rating	fork	no
pvp_rating_decay_grace_days	pvp	Arena Rating	fork	no
pvp_rating_decay_points_per_week	pvp	Arena Rating	fork	no
pvp_rating_initial	pvp	Arena Rating	fork	no
pvp_rating_k_established	pvp	Arena Rating	fork	no
pvp_rating_k_ffa	pvp	Arena Rating	fork	no
pvp_rating_k_provisional	pvp	Arena Rating	fork	no
pvp_rating_provisional_games	pvp	Arena Rating	fork	no
pvp_rules_enabled	pvp	Rules	fork	no
pvp_safe_landblocks	pvp	Safe Zones	fork	no
pvp_strip_rare_buffs	pvp	Rules	fork	no
pvp_template_account	pvp	Arena Templates	fork	no
pvp_template_backstop_seconds	pvp	Arena Templates	fork	no
pvp_template_enabled	pvp	Arena Templates	fork	no
pvp_template_keep_own_buffs	pvp	Arena Templates	fork	no
pvp_template_suppress_heritage_bonus	pvp	Arena Templates	fork	no
pvp_war_magic_damage_mod	pvp	Rules	fork	no
quest_info_enabled	progression	Quests	upstream	no
quest_lum_modifier	progression	Quests	upstream	no
quest_mindelta_rate	progression	Quests	upstream	no
quest_stamps_enabled	progression	Quests	fork	no
quest_xp_modifier	progression	Quests	upstream	no
rare_drop_rate_percent	items	Loot	upstream	no
rares_max_days_between	items	Loot	upstream	no
rares_max_seconds_between	items	Loot	upstream	no
rares_real_time	items	Loot	upstream	no
rares_real_time_v2	items	Loot	upstream	no
rares_suppress_gear_drops	items	Loot	fork	no
realm_announce_enabled	social	Messages	fork	no
realm_portal_recall_allowlist	server	General	fork	no
reportbug_enabled	server	General	upstream	no
require_spell_comps	combat	Magic	upstream	no
reward_claim_once_enabled	server	General	fork	no
runrate_add_hooks	server	General	upstream	no
safe_spell_comps	combat	Magic	upstream	no
salvage_bag_value_cap	economy	Salvage	fork	no
salvage_forge_enabled	economy	Salvage	fork	no
salvage_forge_skill_for_7	economy	Salvage	fork	no
salvage_forge_skill_for_8	economy	Salvage	fork	no
salvage_forge_skill_for_9	economy	Salvage	fork	no
serpentine_reroll_enabled	server	General	fork	no
server_motd	social	Messages	upstream	no
shield_applies_in_noncombat	combat	Combat	fork	no
show_ammo_buff	server	General	upstream	no
show_aura_buff	server	General	upstream	no
show_dat_warning	server	General	upstream	no
show_dot_messages	server	General	upstream	no
show_first_login_gift	server	General	upstream	no
show_mana_conv_bonus_0	server	General	upstream	no
smite_uses_takedamage	combat	Combat	upstream	no
spell_projectile_ethereal	combat	Magic	upstream	no
spell_projectile_ethereal_360	combat	Magic	fork	no
spellcast_max_angle	combat	Magic	upstream	no
spellcast_recoil_queue	combat	Magic	upstream	no
stage_self_grants_enabled	server	General	fork	no
suicide_instant_death	server	General	upstream	no
suit_builder_enabled	server	Web	fork	no
summoning_killtask_multicredit_cap	combat	Pets	upstream	no
summoning_mastery_unrestricted	combat	Pets	fork	no
survival_stall_eject_seconds	server	General	fork	no
taboo_table	server	General	upstream	no
tailoring_intermediate_uieffects	items	Crafting	upstream	no
teleport_visibility_fix	server	General	upstream	no
top_exempt_accounts	social	Leaderboards	fork	no
trajectory_alt_solver	combat	Combat	upstream	no
trophy_drop_rate	items	Loot	upstream	no
universal_masteries	server	General	upstream	no
unlimited_sequence_gaps	server	General	upstream	no
unlocker_window	server	General	upstream	no
use_cloak_proc_custom_scale	items	Cloaks	upstream	no
use_generator_rotation_offset	server	General	upstream	no
use_portal_max_level_requirement	server	General	upstream	no
use_turbine_chat	server	General	upstream	no
use_wield_requirements	server	General	upstream	no
vault_barrel_retention_days	economy	Account Vault	fork	no
vendor_shop_uses_generator	economy	Vendors	upstream	no
vendor_stock_weenie_warmup	economy	Vendors	fork	no
vendor_unique_rot_time	economy	Vendors	upstream	no
version_info_enabled	server	General	upstream	no
vitae_penalty	combat	Combat	upstream	no
vitae_penalty_max	combat	Combat	upstream	no
void_pvp_modifier	pvp	Scalars	upstream	no
wave_encounter_cooldown_seconds	server	General	fork	no
wave_encounter_presence_radius	server	General	fork	no
wave_encounter_ttl_seconds	server	General	fork	no
wave_encounter_wipe_grace_seconds	server	General	fork	no
weapon_mod_guarantee_damage_special	items	Weapon Mods	fork	no
weapon_mod_magnitude_scale	items	Weapon Mods	fork	no
weapon_mod_special_chance_1	items	Weapon Mods	fork	no
weapon_mod_special_chance_2	items	Weapon Mods	fork	no
weapon_mod_special_chance_3	items	Weapon Mods	fork	no
weapon_mod_special_chance_4	items	Weapon Mods	fork	no
weapon_mod_swap_special_chance	items	Weapon Mods	fork	no
weapon_mods_enabled	items	Weapon Mods	fork	no
weenie_bulk_load	server	General	fork	no
weenie_bulk_selfcheck_sample	server	General	fork	no
workmanship_refire_enabled	items	Crafting	fork	no
world_closed	server	General	upstream	no
world_event_death_protection	world_events	General	fork	no
world_events_account_gate_enabled	world_events	account	fork	no
world_events_announce_chat_type	world_events	announce	fork	no
world_events_auto_enabled	world_events	auto	fork	no
world_events_axis_folder	world_events	axis	fork	no
world_events_band_low_floor	world_events	band	fork	no
world_events_band_uplift	world_events	band	fork	no
world_events_boss_damage_rating_max	world_events	boss	fork	no
world_events_boss_damage_rating_min	world_events	boss	fork	no
world_events_boss_damage_sample_hits	world_events	boss	fork	no
world_events_boss_damage_scaling_enabled	world_events	boss	fork	no
world_events_boss_damage_step_cap	world_events	boss	fork	no
world_events_boss_health_cap	world_events	boss	fork	no
world_events_boss_health_milestones_enabled	world_events	boss	fork	no
world_events_boss_hits_to_kill	world_events	boss	fork	no
world_events_boss_min_sample_seconds	world_events	boss	fork	no
world_events_boss_per_player	world_events	boss	fork	no
world_events_boss_retarget_margin	world_events	boss	fork	no
world_events_boss_retarget_seconds	world_events	boss	fork	no
world_events_boss_scale_multiplier	world_events	boss	fork	no
world_events_boss_target_kill_seconds	world_events	boss	fork	no
world_events_boss_tether_enabled	world_events	boss	fork	no
world_events_boss_tether_radius	world_events	boss	fork	no
world_events_boss_throughput_calibration	world_events	boss	fork	no
world_events_boss_throughput_cap_health	world_events	boss	fork	no
world_events_boss_throughput_floor_health	world_events	boss	fork	no
world_events_boss_throughput_scaling_enabled	world_events	boss	fork	no
world_events_cache_effect_repeat_seconds	world_events	cache	fork	no
world_events_cache_effect_script	world_events	cache	fork	no
world_events_cache_wcid	world_events	cache	fork	no
world_events_category_armor_mod_ceiling	world_events	category	fork	no
world_events_category_resist_floor	world_events	category	fork	no
world_events_claim_window_seconds	world_events	claim	fork	no
world_events_crowd_health_cap	world_events	crowd	fork	no
world_events_crowd_health_per_participant	world_events	crowd	fork	no
world_events_crowd_health_start_at	world_events	crowd	fork	no
world_events_defense_skill_cap_offset	world_events	defense	fork	no
world_events_elite_band_high	world_events	elite	fork	no
world_events_elite_band_low	world_events	elite	fork	no
world_events_enabled	world_events	enabled	fork	no
world_events_family_floor_level	world_events	family	fork	no
world_events_ip_exempt	world_events	ip	fork	no
world_events_ip_gate_enabled	world_events	ip	fork	no
world_events_max_alive	world_events	max	fork	no
world_events_min_slot_pool	world_events	min	fork	no
world_events_overflow_per_champion	world_events	overflow	fork	no
world_events_pace_health_cap	world_events	pace	fork	no
world_events_pace_health_step	world_events	pace	fork	no
world_events_pace_max_wave_seconds	world_events	pace	fork	no
world_events_pace_min_wave_seconds	world_events	pace	fork	no
world_events_pace_quantity_step	world_events	pace	fork	no
world_events_participation_payout_enabled	world_events	participation	fork	no
world_events_progress_interval_seconds	world_events	progress	fork	no
world_events_strip_combat_traits	world_events	strip	fork	no
world_events_synthetic_champion_health_mult	world_events	synthetic	fork	no
world_events_synthetic_elite_health_mult	world_events	synthetic	fork	no
world_events_teaser_lead_seconds	world_events	teaser	fork	no
world_events_trash_band_high	world_events	trash	fork	no
world_events_trash_band_low	world_events	trash	fork	no
world_events_wave_count_base	world_events	wave	fork	no
world_events_wave_count_cap	world_events	wave	fork	no
world_events_wave_count_per_participant	world_events	wave	fork	no
world_events_wave_interval_seconds	world_events	wave	fork	no
world_tick_slow_log_enabled	server	Monitoring	fork	no
world_tick_slow_log_median_multiplier	server	Monitoring	fork	no
world_tick_slow_log_min_interval_seconds	server	Monitoring	fork	no
world_tick_slow_log_threshold_ms	server	Monitoring	fork	no
xp_modifier	progression	XP	upstream	no
